AccountID,AccountCode,AccountName,AccountType,IsActive,Groupid,Subgroupid,Subgroupid2,Subgroupid3,Linegroupid,Tenantid,MainGroup
10,1010,Cash on Hand,Asset,1,117,,,3,,101,l1
11,1020,Checking Account,Asset,0,1,3,8,,3,101,Sales
12,1030,Savings Account,Asset,1,91,,,,,101,Current Assets
13,1040,Accounts Receivable,Asset,1,91,,,,,101,Current Assets
14,1050,Allowance for Doubtful Accounts (Contra Account),Asset,1,91,,,,,101,Current Assets
15,1060,Inventory – Raw Materials,Expense,1,1,1,,,,101,SALES
16,1070,Inventory – Work in Progress,Expense,1,1,1,,,,101,SALES
17,1080,Inventory – Finished Goods,Asset,1,91,,,,,101,Current Assets
18,1090,Prepaid Expenses,Asset,1,91,,,,,101,Current Assets
19,1510,Land,Asset,1,93,,,0,,101,Fixed Assets
20,1520,Buildings,Asset,1,93,,,,,101,Fixed Assets
21,1530,Machinery & Equipment,Asset,1,93,,,,,101,Fixed Assets
22,1540,Vehicles,Asset,1,1,1,3,,,101,SALES
23,1550,Office Equipment,Asset,1,93,,,,,101,Fixed Assets
24,1560,Accumulated Depreciation (Contra Account),Asset,1,93,,,,,101,Fixed Assets
25,1810,Investments,Asset,1,98,,,,,101,Other Assets
26,1820,"Intangible Assets (Patents, Trademarks)",Asset,1,98,,,,,101,Other Assets
27,1830,Goodwill,Asset,1,98,,,,,101,Other Assets
28,2010,Accounts Payable,Liability,1,92,,,,,101,Current Liabilities
29,2020,Accrued Expenses,Liability,1,92,,,,,101,Current Liabilities
30,2030,Notes Payable (Short Loan),Liability,1,92,,,,,101,Current Liabilities
31,2040,Payroll Liabilities,Liability,1,92,,,,,101,Current Liabilities
32,2050,Sales Tax Payable,Liability,1,92,,,,,101,Current Liabilities
33,2060,Income Tax Payable,Liability,1,92,,,,,101,Current Liabilities
34,2510,Long,Liability,1,95,,,,,101,Long Liabilities
35,2520,Bonds Payable,Liability,1,95,,,,,101,Long Liabilities
36,2530,Deferred Tax Liabilities,Liability,1,95,,,,,101,Long Liabilities
37,3010,Common Stock,Equity,1,96,,,,,101,None
38,3020,Preferred Stock,Equity,1,96,,,,,101,None
39,3030,Additional Paid,Equity,1,96,,,,,101,None
40,3040,Retained Earnings,Equity,1,96,,,,,101,None
41,3050,Treasury Stock,Equity,1,96,,,,,101,None
42,4010,Sales Revenue – Domestic,Revenue,1,1,1,,,,101,Sales
43,4020,Sales Revenue – Export,Revenue,1,96,,,,,101,None
44,4030,Returns & Allowances (Contra Revenue),Revenue,1,96,,,,,101,None
45,4040,"Other Income (Scrap Sales, Rental Income)",Revenue,1,96,,,,,101,None
46,5010,Direct Materials,Expense,1,96,,,,,101,None
47,5020,Direct Labor,Expense,1,2,12,,,,101,Cost of Goods Sold
48,5030,Manufacturing Overhead,Expense,1,96,,,,,101,None
49,5040,Depreciation – Manufacturing Equipment,Expense,1,96,,,,,101,None
50,5050,Factory Supplies,Expense,1,2,12,,,,101,Cost of Goods Sold
51,6010,Advertising & Marketing,Expense,1,97,,,,,101,Operting Expense
52,6020,Sales Commissions,Expense,1,97,,,,,101,Operting Expense
53,6030,Freight & Shipping,Expense,1,97,,,,,101,Operting Expense
54,6510,Salaries & Wages (Office Staff),Expense,1,94,,,,0,101,General & Administrative
55,6520,Rent & Utilities,Expense,1,94,,,,,101,General & Administrative
56,6530,Depreciation – Office Equipment,Expense,1,94,,,,,101,General & Administrative
57,6540,Insurance,Expense,1,94,,,,,101,General & Administrative
58,7010,R&D Salaries,Expense,1,1,1,6,0,,101,Sales
59,7020,Lab Supplies,Expense,1,100,,,,,101,Research & Development
60,7030,R&D Equipment Depreciation,Expense,1,100,,,,,101,Research & Development
61,8010,Interest Expense,Revenue,1,99,,,,,101,Other Expenses & Income
62,8020,Interest Income,Revenue,1,99,,,,,101,Other Expenses & Income
63,8030,Gains/Losses on Asset Sales,Revenue,1,99,,,,,101,Other Expenses & Income
65,1010,Cash on Hand,Asset,1,,,,,,102,Current Assets
66,1020,Checking Account,Asset,1,,,,,,102,Current Assets
67,1030,Savings Account,Asset,1,,,,,,102,Current Assets
68,1040,Accounts Receivable,Asset,1,,,,,,102,Current Assets
69,1050,Allowance for Doubtful Accounts (Contra Account),Asset,1,,,,,,102,Current Assets
70,1060,Inventory – Raw Materials,Asset,1,,,,,,102,Current Assets
71,1070,Inventory – Work in Progress,Asset,1,,,,,,102,Current Assets
72,1080,Inventory – Finished Goods,Asset,1,,,,,,102,Current Assets
73,1090,Prepaid Expenses,Expense,1,1131,0,0,0,0,102,Current Assets
74,1510,Land,Asset,1,,,,,,102,Fixed Assets
75,1520,Buildings,Asset,1,,,,,,102,Fixed Assets
76,1530,Machinery & Equipment,Asset,1,,,,,,102,Fixed Assets
77,1540,Vehicles,Asset,1,,,,,,102,Fixed Assets
78,1550,Office Equipment,Asset,1,,,,,,102,Fixed Assets
79,1560,Accumulated Depreciation (Contra Account),Asset,1,,,,,,102,Fixed Assets
80,1810,Investments,Asset,1,,,,,,102,Other Assets
81,1820,"Intangible Assets (Patents, Trademarks)",Asset,1,,,,,,102,Other Assets
82,1830,Goodwill,Asset,1,,,,,,102,Other Assets
83,2010,Accounts Payable,Liability,1,,,,,,102,Current Liabilities
84,2020,Accrued Expenses,Liability,1,,,,,,102,Current Liabilities
85,2030,Notes Payable (Short Loan),Liability,1,,,,,,102,Current Liabilities
86,2040,Payroll Liabilities,Liability,1,,,,,,102,Current Liabilities
87,2050,Sales Tax Payable,Liability,1,,,,,,102,Current Liabilities
88,2060,Income Tax Payable,Liability,1,,,,,,102,Current Liabilities
89,2510,Long,Liability,1,,,,,,102,Long Liabilities
90,2520,Bonds Payable,Liability,1,,,,,,102,Long Liabilities
91,2530,Deferred Tax Liabilities,Liability,1,,,,,,102,Long Liabilities
92,3010,Common Stock,Equity,1,,,,,,102,None
93,3020,Preferred Stock,Equity,1,,,,,,102,None
94,3030,Additional Paid,Equity,1,,,,,,102,None
95,3040,Retained Earnings,Equity,1,,,,,,102,None
96,3050,Treasury Stock,Equity,1,,,,,,102,None
97,4010,Sales Revenue – Domestic,Revenue,1,,,,,,102,None
98,4020,Sales Revenue – Export,Revenue,1,,,,,,102,None
99,4030,Returns & Allowances (Contra Revenue),Revenue,1,,,,,,102,None
100,4040,"Other Income (Scrap Sales, Rental Income)",Revenue,1,,,,,,102,None
101,5010,Direct Materials,Expense,1,,,,,,102,None
102,5020,Direct Labor,Expense,1,,,,,,102,None
103,5030,Manufacturing Overhead,Expense,1,,,,,,102,None
104,5040,Depreciation – Manufacturing Equipment,Expense,1,,,,,,102,None
105,5050,Factory Supplies,Expense,1,,,,,,102,None
106,6010,Advertising & Marketing,Expense,1,,,,,,102,Operting Expense
107,6020,Sales Commissions,Expense,1,,,,,,102,Operting Expense
108,6030,Freight & Shipping,Expense,1,,,,,,102,Operting Expense
109,6510,Salaries & Wages (Office Staff),Expense,1,,,,,,102,General & Administrative
110,6520,Rent & Utilities,Expense,1,,,,,,102,General & Administrative
111,6530,Depreciation – Office Equipment,Expense,1,,,,,,102,General & Administrative
112,6540,Insurance,Expense,1,,,,,,102,General & Administrative
113,7010,R&D Salaries,Expense,1,,,,,,102,Research & Development
114,7020,Lab Supplies,Expense,1,,,,,,102,Research & Development
115,7030,R&D Equipment Depreciation,Expense,1,,,,,,102,Research & Development
116,8010,Interest Expense,Revenue,1,,,,,,102,Other Expenses & Income
117,8020,Interest Income,Revenue,1,,,,,,102,Other Expenses & Income
118,8030,Gains/Losses on Asset Sales,Revenue,1,,,,,,102,Other Expenses & Income
119,1010,Cash on Hand,Asset,1,,,,,,103,Current Assets
120,1020,Checking Account,Asset,1,,,,,,103,Current Assets
121,1030,Savings Account,Asset,1,,,,,,103,Current Assets
122,1040,Accounts Receivable,Asset,1,,,,,,103,Current Assets
123,1050,Allowance for Doubtful Accounts (Contra Account),Asset,1,,,,,,103,Current Assets
124,1060,Inventory – Raw Materials,Asset,1,,,,,,103,Current Assets
125,1070,Inventory – Work in Progress,Asset,1,,,,,,103,Current Assets
126,1080,Inventory – Finished Goods,Asset,1,,,,,,103,Current Assets
127,1090,Prepaid Expenses,Asset,1,,,,,,103,Current Assets
128,1510,Land,Asset,1,,,,,,103,Fixed Assets
129,1520,Buildings,Asset,1,,,,,,103,Fixed Assets
130,1530,Machinery & Equipment,Asset,1,,,,,,103,Fixed Assets
131,1540,Vehicles,Asset,1,,,,,,103,Fixed Assets
132,1550,Office Equipment,Asset,1,,,,,,103,Fixed Assets
133,1560,Accumulated Depreciation (Contra Account),Asset,1,,,,,,103,Fixed Assets
134,1810,Investments,Asset,1,,,,,,103,Other Assets
135,1820,"Intangible Assets (Patents, Trademarks)",Asset,1,,,,,,103,Other Assets
136,1830,Goodwill,Asset,1,,,,,,103,Other Assets
137,2010,Accounts Payable,Liability,1,,,,,,103,Current Liabilities
138,2020,Accrued Expenses,Liability,1,,,,,,103,Current Liabilities
139,2030,Notes Payable (Short Loan),Liability,1,,,,,,103,Current Liabilities
140,2040,Payroll Liabilities,Liability,1,,,,,,103,Current Liabilities
141,2050,Sales Tax Payable,Liability,1,,,,,,103,Current Liabilities
142,2060,Income Tax Payable,Liability,1,,,,,,103,Current Liabilities
143,2510,Long,Liability,1,,,,,,103,Long Liabilities
144,2520,Bonds Payable,Liability,1,,,,,,103,Long Liabilities
145,2530,Deferred Tax Liabilities,Liability,1,,,,,,103,Long Liabilities
146,3010,Common Stock,Equity,1,,,,,,103,None
147,3020,Preferred Stock,Equity,1,,,,,,103,None
148,3030,Additional Paid,Equity,1,,,,,,103,None
149,3040,Retained Earnings,Equity,1,,,,,,103,None
150,3050,Treasury Stock,Equity,1,,,,,,103,None
151,4010,Sales Revenue – Domestic,Revenue,1,,,,,,103,None
152,4020,Sales Revenue – Export,Revenue,1,,,,,,103,None
153,4030,Returns & Allowances (Contra Revenue),Revenue,1,,,,,,103,None
154,4040,"Other Income (Scrap Sales, Rental Income)",Revenue,1,,,,,,103,None
155,5010,Direct Materials,Expense,1,,,,,,103,None
156,5020,Direct Labor,Expense,1,,,,,,103,None
157,5030,Manufacturing Overhead,Expense,1,,,,,,103,None
158,5040,Depreciation – Manufacturing Equipment,Expense,1,,,,,,103,None
159,5050,Factory Supplies,Expense,1,,,,,,103,None
160,6010,Advertising & Marketing,Expense,1,,,,,,103,Operting Expense
161,6020,Sales Commissions,Expense,1,,,,,,103,Operting Expense
162,6030,Freight & Shipping,Expense,1,,,,,,103,Operting Expense
163,6510,Salaries & Wages (Office Staff),Expense,1,,,,,,103,General & Administrative
164,6520,Rent & Utilities,Expense,1,,,,,,103,General & Administrative
165,6530,Depreciation – Office Equipment,Expense,1,,,,,,103,General & Administrative
166,6540,Insurance,Expense,1,,,,,,103,General & Administrative
167,7010,R&D Salaries,Expense,1,,,,,,103,Research & Development
168,7020,Lab Supplies,Expense,1,,,,,,103,Research & Development
169,7030,R&D Equipment Depreciation,Expense,1,,,,,,103,Research & Development
170,8010,Interest Expense,Revenue,1,,,,,,103,Other Expenses & Income
171,8020,Interest Income,Revenue,1,,,,,,103,Other Expenses & Income
172,8030,Gains/Losses on Asset Sales,Revenue,1,,,,,,103,Other Expenses & Income
173,1010,Cash on Hand,Asset,1,80,,,,,105,Current Assets
174,1020,Checking Account,Asset,1,80,,,,,105,Current Assets
175,1030,Savings Account,Asset,1,80,,,,,105,Current Assets
176,1040,Accounts Receivable,Asset,1,80,,,,,105,Current Assets
177,1050,Allowance for Doubtful Accounts (Contra Account),Asset,1,80,,,,,105,Current Assets
178,1060,Inventory – Raw Materials,Asset,1,80,,,,,105,Current Assets
179,1070,Inventory – Work in Progress,Asset,1,80,,,,,105,Current Assets
180,1080,Inventory – Finished Goods,Asset,1,80,,,,,105,Current Assets
181,1090,Prepaid Expenses,Asset,1,80,,,,,105,Current Assets
182,1510,Land,Asset,1,82,,,,,105,Fixed Assets
183,1520,Buildings,Asset,1,82,,,,,105,Fixed Assets
184,1530,Machinery & Equipment,Asset,1,82,,,,,105,Fixed Assets
185,1540,Vehicles,Asset,1,82,,,,,105,Fixed Assets
186,1550,Office Equipment,Asset,1,82,,,,,105,Fixed Assets
187,1560,Accumulated Depreciation (Contra Account),Asset,1,82,,,,,105,Fixed Assets
188,1810,Investments,Asset,1,87,,,,,105,Other Assets
189,1820,"Intangible Assets (Patents, Trademarks)",Asset,1,87,,,,,105,Other Assets
190,1830,Goodwill,Asset,1,87,,,,,105,Other Assets
191,2010,Accounts Payable,Liability,1,81,,,,,105,Current Liabilities
192,2020,Accrued Expenses,Liability,1,81,,,,,105,Current Liabilities
193,2030,Notes Payable (Short Loan),Liability,1,81,,,,,105,Current Liabilities
194,2040,Payroll Liabilities,Liability,1,81,,,,,105,Current Liabilities
195,2050,Sales Tax Payable,Liability,1,81,,,,,105,Current Liabilities
196,2060,Income Tax Payable,Liability,1,81,,,,,105,Current Liabilities
197,2510,Long,Liability,1,84,,,,,105,Long Liabilities
198,2520,Bonds Payable,Liability,1,84,,,,,105,Long Liabilities
199,2530,Deferred Tax Liabilities,Liability,1,84,,,,,105,Long Liabilities
200,3010,Common Stock,Equity,1,85,,,,,105,None
201,3020,Preferred Stock,Equity,1,85,,,,,105,None
202,3030,Additional Paid,Equity,1,85,,,,,105,None
203,3040,Retained Earnings,Equity,1,85,,,,,105,None
204,3050,Treasury Stock,Equity,1,85,,,,,105,None
205,4010,Sales Revenue – Domestic,Revenue,1,85,,,,,105,None
206,4020,Sales Revenue – Export,Revenue,1,85,,,,,105,None
207,4030,Returns & Allowances (Contra Revenue),Revenue,1,85,,,,,105,None
208,4040,"Other Income (Scrap Sales, Rental Income)",Revenue,1,85,,,,,105,None
209,5010,Direct Materials,Expense,1,85,,,,,105,None
210,5020,Direct Labor,Expense,1,85,,,,,105,None
211,5030,Manufacturing Overhead,Expense,1,85,,,,,105,None
212,5040,Depreciation – Manufacturing Equipment,Expense,1,85,,,,,105,None
213,5050,Factory Supplies,Expense,1,85,,,,,105,None
214,6010,Advertising & Marketing,Expense,1,86,,,,,105,Operting Expense
215,6020,Sales Commissions,Expense,1,86,,,,,105,Operting Expense
216,6030,Freight & Shipping,Expense,1,86,,,,,105,Operting Expense
217,6510,Salaries & Wages (Office Staff),Expense,1,83,,,,,105,General & Administrative
218,6520,Rent & Utilities,Expense,1,83,,,,,105,General & Administrative
219,6530,Depreciation – Office Equipment,Expense,1,22,9,,,,105,General & Admin
220,6540,Insurance,Expense,1,83,,,,,105,General & Administrative
221,7010,R&D Salaries,Expense,1,89,,,,,105,Research & Development
222,7020,Lab Supplies,Expense,1,89,,,,,105,Research & Development
223,7030,R&D Equipment Depreciation,Expense,1,89,,,,,105,Research & Development
224,801,Interest Expense,Revenue,1,88,,,,,105,Other Expenses & Income
225,8020,Interest Income,Revenue,1,88,,,,,105,Other Expenses & Income
226,8030,Gains/Losses on Asset Sales,Revenue,1,88,,,,,105,Other Expenses & Income
227,1010,Cash on Hand,Asset,1,,,,,,104,Current Assets
228,1020,Checking Account,Asset,1,,,,,,104,Current Assets
229,1030,Savings Account,Asset,1,,,,,,104,Current Assets
230,1040,Accounts Receivable,Asset,1,,,,,,104,Current Assets
231,1050,Allowance for Doubtful Accounts (Contra Account),Asset,1,,,,,,104,Current Assets
232,1060,Inventory – Raw Materials,Asset,1,,,,,,104,Current Assets
233,1070,Inventory – Work in Progress,Asset,1,,,,,,104,Current Assets
234,1080,Inventory – Finished Goods,Asset,1,,,,,,104,Current Assets
235,1090,Prepaid Expenses,Asset,1,,,,,,104,Current Assets
236,1510,Land,Asset,1,,,,,,104,Fixed Assets
237,1520,Buildings,Asset,1,,,,,,104,Fixed Assets
238,1530,Machinery & Equipment,Asset,1,,,,,,104,Fixed Assets
239,1540,Vehicles,Asset,1,,,,,,104,Fixed Assets
240,1550,Office Equipment,Asset,1,,,,,,104,Fixed Assets
241,1560,Accumulated Depreciation (Contra Account),Asset,1,,,,,,104,Fixed Assets
242,1810,Investments,Asset,1,,,,,,104,Other Assets
243,1820,"Intangible Assets (Patents, Trademarks)",Asset,1,,,,,,104,Other Assets
244,1830,Goodwill,Asset,1,,,,,,104,Other Assets
245,2010,Accounts Payable,Liability,1,,,,,,104,Current Liabilities
246,2020,Accrued Expenses,Liability,1,,,,,,104,Current Liabilities
247,2030,Notes Payable (Short Loan),Liability,1,,,,,,104,Current Liabilities
248,2040,Payroll Liabilities,Liability,1,,,,,,104,Current Liabilities
249,2050,Sales Tax Payable,Liability,1,,,,,,104,Current Liabilities
250,2060,Income Tax Payable,Liability,1,,,,,,104,Current Liabilities
251,2510,Long,Liability,1,,,,,,104,Long Liabilities
252,2520,Bonds Payable,Liability,1,,,,,,104,Long Liabilities
253,2530,Deferred Tax Liabilities,Liability,1,,,,,,104,Long Liabilities
254,3010,Common Stock,Equity,1,,,,,,104,None
255,3020,Preferred Stock,Equity,1,,,,,,104,None
256,3030,Additional Paid,Equity,1,,,,,,104,None
257,3040,Retained Earnings,Equity,1,,,,,,104,None
258,3050,Treasury Stock,Equity,1,,,,,,104,None
259,4010,Sales Revenue – Domestic,Revenue,1,,,,,,104,None
260,4020,Sales Revenue – Export,Revenue,1,,,,,,104,None
261,4030,Returns & Allowances (Contra Revenue),Revenue,1,,,,,,104,None
262,4040,"Other Income (Scrap Sales, Rental Income)",Revenue,1,,,,,,104,None
263,5010,Direct Materials,Expense,1,,,,,,104,None
264,5020,Direct Labor,Expense,1,,,,,,104,None
265,5030,Manufacturing Overhead,Expense,1,,,,,,104,None
266,5040,Depreciation – Manufacturing Equipment,Expense,1,,,,,,104,None
267,5050,Factory Supplies,Expense,1,,,,,,104,None
268,6010,Advertising & Marketing,Expense,1,,,,,,104,Operting Expense
269,6020,Sales Commissions,Expense,1,,,,,,104,Operting Expense
270,6030,Freight & Shipping,Expense,1,,,,,,104,Operting Expense
271,6510,Salaries & Wages (Office Staff),Expense,1,,,,,,104,General & Administrative
272,6520,Rent & Utilities,Expense,1,,,,,,104,General & Administrative
273,6530,Depreciation – Office Equipment,Expense,1,,,,,,104,General & Administrative
274,6540,Insurance,Expense,1,,,,,,104,General & Administrative
275,7010,R&D Salaries,Expense,1,,,,,,104,Research & Development
276,7020,Lab Supplies,Expense,1,,,,,,104,Research & Development
277,7030,R&D Equipment Depreciation,Expense,1,,,,,,104,Research & Development
278,8010,Interest Expense,Revenue,1,,,,,,104,Other Expenses & Income
279,8020,Interest Income,Revenue,1,,,,,,104,Other Expenses & Income
280,8030,Gains/Losses on Asset Sales,Revenue,1,,,,,,104,Other Expenses & Income
281,1010,Cash on Hand,Asset,1,,,,,,107,Current Assets
282,1020,Checking Account,Asset,1,,,,,,107,Current Assets
283,1030,Savings Account,Asset,1,,,,,,107,Current Assets
284,1040,Accounts Receivable,Asset,1,,,,,,107,Current Assets
285,1050,Allowance for Doubtful Accounts (Contra Account),Asset,1,,,,,,107,Current Assets
286,1060,Inventory – Raw Materials,Asset,1,,,,,,107,Current Assets
287,1070,Inventory – Work in Progress,Asset,1,,,,,,107,Current Assets
288,1080,Inventory – Finished Goods,Asset,1,,,,,,107,Current Assets
289,1090,Prepaid Expenses,Asset,1,,,,,,107,Current Assets
290,1510,Land,Asset,1,,,,,,107,Fixed Assets
291,1520,Buildings,Asset,1,,,,,,107,Fixed Assets
292,1530,Machinery & Equipment,Asset,1,,,,,,107,Fixed Assets
293,1540,Vehicles,Asset,1,,,,,,107,Fixed Assets
294,1550,Office Equipment,Asset,1,,,,,,107,Fixed Assets
295,1560,Accumulated Depreciation (Contra Account),Asset,1,,,,,,107,Fixed Assets
296,1810,Investments,Asset,1,,,,,,107,Other Assets
297,1820,"Intangible Assets (Patents, Trademarks)",Asset,1,,,,,,107,Other Assets
298,1830,Goodwill,Asset,1,,,,,,107,Other Assets
299,2010,Accounts Payable,Liability,1,,,,,,107,Current Liabilities
300,2020,Accrued Expenses,Liability,1,,,,,,107,Current Liabilities
301,2030,Notes Payable (Short Loan),Liability,1,,,,,,107,Current Liabilities
302,2040,Payroll Liabilities,Liability,1,,,,,,107,Current Liabilities
303,2050,Sales Tax Payable,Liability,1,,,,,,107,Current Liabilities
304,2060,Income Tax Payable,Liability,1,,,,,,107,Current Liabilities
305,2510,Long,Liability,1,,,,,,107,Long Liabilities
306,2520,Bonds Payable,Liability,1,,,,,,107,Long Liabilities
307,2530,Deferred Tax Liabilities,Liability,1,,,,,,107,Long Liabilities
308,3010,Common Stock,Equity,1,,,,,,107,None
309,3020,Preferred Stock,Equity,1,,,,,,107,None
310,3030,Additional Paid,Equity,1,,,,,,107,None
311,3040,Retained Earnings,Equity,1,,,,,,107,None
312,3050,Treasury Stock,Equity,1,,,,,,107,None
313,4010,Sales Revenue – Domestic,Revenue,1,,,,,,107,None
314,4020,Sales Revenue – Export,Revenue,1,,,,,,107,None
315,4030,Returns & Allowances (Contra Revenue),Revenue,1,,,,,,107,None
316,4040,"Other Income (Scrap Sales, Rental Income)",Revenue,1,,,,,,107,None
317,5010,Direct Materials,Expense,1,,,,,,107,None
318,5020,Direct Labor,Expense,1,,,,,,107,None
319,5030,Manufacturing Overhead,Expense,1,,,,,,107,None
320,5040,Depreciation – Manufacturing Equipment,Expense,1,,,,,,107,None
321,5050,Factory Supplies,Expense,1,,,,,,107,None
322,6010,Advertising & Marketing,Expense,1,,,,,,107,Operting Expense
323,6020,Sales Commissions,Expense,1,,,,,,107,Operting Expense
324,6030,Freight & Shipping,Expense,1,,,,,,107,Operting Expense
325,6510,Salaries & Wages (Office Staff),Expense,1,,,,,,107,General & Administrative
326,6520,Rent & Utilities,Expense,1,,,,,,107,General & Administrative
327,6530,Depreciation – Office Equipment,Expense,1,,,,,,107,General & Administrative
328,6540,Insurance,Expense,1,,,,,,107,General & Administrative
329,7010,R&D Salaries,Expense,1,,,,,,107,Research & Development
330,7020,Lab Supplies,Expense,1,,,,,,107,Research & Development
331,7030,R&D Equipment Depreciation,Expense,1,,,,,,107,Research & Development
332,8010,Interest Expense,Revenue,1,,,,,,107,Other Expenses & Income
333,8020,Interest Income,Revenue,1,,,,,,107,Other Expenses & Income
334,8030,Gains/Losses on Asset Sales,Revenue,1,,,,,,107,Other Expenses & Income
335,1010,Cash on Hand,Asset,1,,,,,,108,Current Assets
336,1020,Checking Account,Asset,1,,,,,,108,Current Assets
337,1030,Savings Account,Asset,1,,,,,,108,Current Assets
338,1040,Accounts Receivable,Asset,1,,,,,,108,Current Assets
339,1050,Allowance for Doubtful Accounts (Contra Account),Asset,1,,,,,,108,Current Assets
340,1060,Inventory – Raw Materials,Asset,1,,,,,,108,Current Assets
341,1070,Inventory – Work in Progress,Asset,1,,,,,,108,Current Assets
342,1080,Inventory – Finished Goods,Asset,1,,,,,,108,Current Assets
343,1090,Prepaid Expenses,Asset,1,,,,,,108,Current Assets
344,1510,Land,Asset,1,,,,,,108,Fixed Assets
345,1520,Buildings,Asset,1,,,,,,108,Fixed Assets
346,1530,Machinery & Equipment,Asset,1,,,,,,108,Fixed Assets
347,1540,Vehicles,Asset,1,,,,,,108,Fixed Assets
348,1550,Office Equipment,Asset,1,,,,,,108,Fixed Assets
349,1560,Accumulated Depreciation (Contra Account),Asset,1,,,,,,108,Fixed Assets
350,1810,Investments,Asset,1,,,,,,108,Other Assets
351,1820,"Intangible Assets (Patents, Trademarks)",Asset,1,,,,,,108,Other Assets
352,1830,Goodwill,Asset,1,,,,,,108,Other Assets
353,2010,Accounts Payable,Liability,1,,,,,,108,Current Liabilities
354,2020,Accrued Expenses,Liability,1,,,,,,108,Current Liabilities
355,2030,Notes Payable (Short Loan),Liability,1,,,,,,108,Current Liabilities
356,2040,Payroll Liabilities,Liability,1,,,,,,108,Current Liabilities
357,2050,Sales Tax Payable,Liability,1,,,,,,108,Current Liabilities
358,2060,Income Tax Payable,Liability,1,,,,,,108,Current Liabilities
359,2510,Long,Liability,1,,,,,,108,Long Liabilities
360,2520,Bonds Payable,Liability,1,,,,,,108,Long Liabilities
361,2530,Deferred Tax Liabilities,Liability,1,,,,,,108,Long Liabilities
362,3010,Common Stock,Equity,1,,,,,,108,None
363,3020,Preferred Stock,Equity,1,,,,,,108,None
364,3030,Additional Paid,Equity,1,,,,,,108,None
365,3040,Retained Earnings,Equity,1,,,,,,108,None
366,3050,Treasury Stock,Equity,1,,,,,,108,None
367,4010,Sales Revenue – Domestic,Revenue,1,,,,,,108,None
368,4020,Sales Revenue – Export,Revenue,1,,,,,,108,None
369,4030,Returns & Allowances (Contra Revenue),Revenue,1,,,,,,108,None
370,4040,"Other Income (Scrap Sales, Rental Income)",Revenue,1,,,,,,108,None
371,5010,Direct Materials,Expense,1,,,,,,108,None
372,5020,Direct Labor,Expense,1,,,,,,108,None
373,5030,Manufacturing Overhead,Expense,1,,,,,,108,None
374,5040,Depreciation – Manufacturing Equipment,Expense,1,,,,,,108,None
375,5050,Factory Supplies,Expense,1,,,,,,108,None
376,6010,Advertising & Marketing,Expense,1,,,,,,108,Operting Expense
377,6020,Sales Commissions,Expense,1,,,,,,108,Operting Expense
378,6030,Freight & Shipping,Expense,1,,,,,,108,Operting Expense
379,6510,Salaries & Wages (Office Staff),Expense,1,,,,,,108,General & Administrative
380,6520,Rent & Utilities,Expense,1,,,,,,108,General & Administrative
381,6530,Depreciation – Office Equipment,Expense,1,,,,,,108,General & Administrative
382,6540,Insurance,Expense,1,,,,,,108,General & Administrative
383,7010,R&D Salaries,Expense,1,,,,,,108,Research & Development
384,7020,Lab Supplies,Expense,1,,,,,,108,Research & Development
385,7030,R&D Equipment Depreciation,Expense,1,,,,,,108,Research & Development
386,8010,Interest Expense,Revenue,1,,,,,,108,Other Expenses & Income
387,8020,Interest Income,Revenue,1,,,,,,108,Other Expenses & Income
388,8030,Gains/Losses on Asset Sales,Revenue,1,,,,,,108,Other Expenses & Income
389,1010,Cash on Hand,Asset,1,,,,,,109,Current Assets
390,1020,Checking Account,Asset,1,,,,,,109,Current Assets
391,1030,Savings Account,Asset,1,,,,,,109,Current Assets
392,1040,Accounts Receivable,Asset,1,,,,,,109,Current Assets
393,1050,Allowance for Doubtful Accounts (Contra Account),Asset,1,,,,,,109,Current Assets
394,1060,Inventory – Raw Materials,Asset,1,,,,,,109,Current Assets
395,1070,Inventory – Work in Progress,Asset,1,,,,,,109,Current Assets
396,1080,Inventory – Finished Goods,Asset,1,,,,,,109,Current Assets
397,1090,Prepaid Expenses,Asset,1,,,,,,109,Current Assets
398,1510,Land,Asset,1,,,,,,109,Fixed Assets
399,1520,Buildings,Asset,1,,,,,,109,Fixed Assets
400,1530,Machinery & Equipment,Asset,1,,,,,,109,Fixed Assets
401,1540,Vehicles,Asset,1,,,,,,109,Fixed Assets
402,1550,Office Equipment,Asset,1,,,,,,109,Fixed Assets
403,1560,Accumulated Depreciation (Contra Account),Asset,1,,,,,,109,Fixed Assets
404,1810,Investments,Asset,1,,,,,,109,Other Assets
405,1820,"Intangible Assets (Patents, Trademarks)",Asset,1,,,,,,109,Other Assets
406,1830,Goodwill,Asset,1,,,,,,109,Other Assets
407,2010,Accounts Payable,Liability,1,,,,,,109,Current Liabilities
408,2020,Accrued Expenses,Liability,1,,,,,,109,Current Liabilities
409,2030,Notes Payable (Short Loan),Liability,1,,,,,,109,Current Liabilities
410,2040,Payroll Liabilities,Liability,1,,,,,,109,Current Liabilities
411,2050,Sales Tax Payable,Liability,1,,,,,,109,Current Liabilities
412,2060,Income Tax Payable,Liability,1,,,,,,109,Current Liabilities
413,2510,Long,Liability,1,,,,,,109,Long Liabilities
414,2520,Bonds Payable,Liability,1,,,,,,109,Long Liabilities
415,2530,Deferred Tax Liabilities,Liability,1,,,,,,109,Long Liabilities
416,3010,Common Stock,Equity,1,,,,,,109,None
417,3020,Preferred Stock,Equity,1,,,,,,109,None
418,3030,Additional Paid,Equity,1,,,,,,109,None
419,3040,Retained Earnings,Equity,1,,,,,,109,None
420,3050,Treasury Stock,Equity,1,,,,,,109,None
421,4010,Sales Revenue – Domestic,Revenue,1,,,,,,109,None
422,4020,Sales Revenue – Export,Revenue,1,,,,,,109,None
423,4030,Returns & Allowances (Contra Revenue),Revenue,1,,,,,,109,None
424,4040,"Other Income (Scrap Sales, Rental Income)",Revenue,1,,,,,,109,None
425,5010,Direct Materials,Expense,1,,,,,,109,None
426,5020,Direct Labor,Expense,1,,,,,,109,None
427,5030,Manufacturing Overhead,Expense,1,,,,,,109,None
428,5040,Depreciation – Manufacturing Equipment,Expense,1,,,,,,109,None
429,5050,Factory Supplies,Expense,1,,,,,,109,None
430,6010,Advertising & Marketing,Expense,1,,,,,,109,Operting Expense
431,6020,Sales Commissions,Expense,1,,,,,,109,Operting Expense
432,6030,Freight & Shipping,Expense,1,,,,,,109,Operting Expense
433,6510,Salaries & Wages (Office Staff),Expense,1,,,,,,109,General & Administrative
434,6520,Rent & Utilities,Expense,1,,,,,,109,General & Administrative
435,6530,Depreciation – Office Equipment,Expense,1,,,,,,109,General & Administrative
436,6540,Insurance,Expense,1,,,,,,109,General & Administrative
437,7010,R&D Salaries,Expense,1,,,,,,109,Research & Development
438,7020,Lab Supplies,Expense,1,,,,,,109,Research & Development
439,7030,R&D Equipment Depreciation,Expense,1,,,,,,109,Research & Development
440,8010,Interest Expense,Revenue,1,,,,,,109,Other Expenses & Income
441,8020,Interest Income,Revenue,1,,,,,,109,Other Expenses & Income
442,8030,Gains/Losses on Asset Sales,Revenue,1,,,,,,109,Other Expenses & Income
443,1061,Inventory – Process,Asset,1,,,,,,102,Current Assets
446,8040,testing,Liability,1,1,1,1,,,101,SALES
447,8050,tetsing2,Expense,1,1,1,3,2,1,101,SALES
448,9999,Test COA,Revenue,1,23,10,9,0,0,105,New Group
449,1010,Cash on Hand,Revenue,1,117,,,3,,110,l1
450,1020,Checking Account,Asset,1,1,3,8,,3,110,Sales
451,1030,Savings Account,Asset,1,91,,,,,110,Current Assets
452,1040,Accounts Receivable,Asset,1,91,,,,,110,Current Assets
453,1050,Allowance for Doubtful Accounts (Contra Account),Asset,1,91,,,,,110,Current Assets
454,1060,Inventory – Raw Materials,Expense,1,1,1,,,,110,SALES
455,1070,Inventory – Work in Progress,Expense,1,1,1,,,,110,SALES
456,1080,Inventory – Finished Goods,Asset,1,91,,,,,110,Current Assets
457,1090,Prepaid Expenses,Asset,1,91,,,,,110,Current Assets
458,1510,Land,Asset,1,93,,,0,,110,Fixed Assets
459,1520,Buildings,Asset,1,93,,,,,110,Fixed Assets
460,1530,Machinery & Equipment,Asset,1,93,,,,,110,Fixed Assets
461,1540,Vehicles,Asset,1,1,1,3,,,110,SALES
462,1550,Office Equipment,Asset,1,93,,,,,110,Fixed Assets
463,1560,Accumulated Depreciation (Contra Account),Asset,1,93,,,,,110,Fixed Assets
464,1810,Investments,Asset,1,98,,,,,110,Other Assets
465,1820,"Intangible Assets (Patents, Trademarks)",Asset,1,98,,,,,110,Other Assets
466,1830,Goodwill,Asset,1,98,,,,,110,Other Assets
467,2010,Accounts Payable,Liability,1,92,,,,,110,Current Liabilities
468,2020,Accrued Expenses,Liability,1,92,,,,,110,Current Liabilities
469,2030,Notes Payable (Short Loan),Liability,1,92,,,,,110,Current Liabilities
470,2040,Payroll Liabilities,Liability,1,92,,,,,110,Current Liabilities
471,2050,Sales Tax Payable,Liability,1,92,,,,,110,Current Liabilities
472,2060,Income Tax Payable,Liability,1,92,,,,,110,Current Liabilities
473,2510,Long,Liability,1,95,,,,,110,Long Liabilities
474,2520,Bonds Payable,Liability,1,95,,,,,110,Long Liabilities
475,2530,Deferred Tax Liabilities,Liability,1,95,,,,,110,Long Liabilities
476,3010,Common Stock,Equity,1,96,,,,,110,None
477,3020,Preferred Stock,Equity,1,96,,,,,110,None
478,3030,Additional Paid,Equity,1,96,,,,,110,None
479,3040,Retained Earnings,Equity,1,96,,,,,110,None
480,3050,Treasury Stock,Equity,1,96,,,,,110,None
481,4010,Sales Revenue – Domestic,Revenue,1,1,1,,,,110,SALES
482,4020,Sales Revenue – Export,Revenue,1,96,,,,,110,None
483,4030,Returns & Allowances (Contra Revenue),Revenue,1,96,,,,,110,None
484,4040,"Other Income (Scrap Sales, Rental Income)",Revenue,1,96,,,,,110,None
485,5010,Direct Materials,Expense,1,96,,,,,110,None
486,5020,Direct Labor,Expense,1,2,12,,,,110,Cost of Goods Sold
487,5030,Manufacturing Overhead,Expense,1,96,,,,,110,None
488,5040,Depreciation – Manufacturing Equipment,Expense,1,96,,,,,110,None
489,5050,Factory Supplies,Expense,1,2,12,,,,110,Cost of Goods Sold
490,6010,Advertising & Marketing,Expense,1,97,,,,,110,Operting Expense
491,6020,Sales Commissions,Expense,1,97,,,,,110,Operting Expense
492,6030,Freight & Shipping,Expense,1,97,,,,,110,Operting Expense
493,6510,Salaries & Wages (Office Staff),Expense,1,94,,,,,110,General & Administrative
494,6520,Rent & Utilities,Expense,1,94,,,,,110,General & Administrative
495,6530,Depreciation – Office Equipment,Expense,1,94,,,,,110,General & Administrative
496,6540,Insurance,Expense,1,94,,,,,110,General & Administrative
497,7010,R&D Salaries,Expense,1,1,1,6,0,,110,Sales
498,7020,Lab Supplies,Expense,1,100,,,,,110,Research & Development
499,7030,R&D Equipment Depreciation,Expense,1,100,,,,,110,Research & Development
500,8010,Interest Expense,Revenue,1,99,,,,,110,Other Expenses & Income
501,8020,Interest Income,Revenue,1,99,,,,,110,Other Expenses & Income
502,8030,Gains/Losses on Asset Sales,Revenue,1,99,,,,,110,Other Expenses & Income
503,8040,testing,Liability,1,1,1,1,,,110,SALES
504,8050,tetsing2,Expense,1,1,1,3,2,1,110,SALES
505,3405,Utility,Expense,1,120,15,,0,,101,Indirect Expenses
506,1010,Cash on Hand,Asset,1,,,,,,111,l1
507,1040,Accounts Receivable,Asset,1,,,,,,111,Current Assets
508,1050,Allowance for Doubtful Accounts (Contra Account),Asset,1,,,,,,111,Current Assets
509,1060,Inventory – Raw Materials,Expense,1,1123,1024,17,0,,111,Operating
510,1070,Inventory – Work in Progress,Expense,1,1123,1024,17,0,,111,Operating
511,1080,Inventory – Finished Goods,Asset,1,,,,,,111,Current Assets
512,1090,Prepaid Expenses,Asset,1,,,,,,111,Current Assets
513,1510,Land,Asset,1,1125,,,0,,111,Fixed Assets
514,1520,Buildings (Workshop),Asset,1,1125,,,0,,111,Fixed Assets
515,1530,"Machinery & Equipment (CNC, Milling, Lathe, Welders)",Asset,1,1125,,,0,,111,Fixed Assets
516,1540,Vehicles (Delivery/Service),Asset,1,1125,,,0,,111,Fixed Assets
517,1550,Office Equipment,Asset,1,1125,,,0,,111,Fixed Assets
518,1560,Accumulated Depreciation (Contra),Asset,1,1125,,,0,,111,Fixed Assets
519,1810,Investments,Asset,1,1126,,,0,,111,Other Assets
520,1820,"Intangible Assets (CAD / CAM Software, Patents)",Asset,1,1126,,,0,,111,Other Assets
521,1830,Goodwill,Asset,1,1126,,,0,,111,Other Assets
522,2010,Accounts Payable,Liability,1,1127,,,0,,111,Current Liabilities
523,2020,"Accrued Expenses (Utilities, Shop Supplies)",Liability,1,1127,,,0,,111,Current Liabilities
524,2030,Notes Payable (Short term Loan),Liability,1,1127,,,0,,111,Current Liabilities
525,2040,Payroll Liabilities,Liability,1,1127,,,0,,111,Current Liabilities
526,2050,Sales Tax Payable,Liability,1,1127,,,0,,111,Current Liabilities
527,2060,Income Tax Payable,Liability,1,1127,,,0,,111,Current Liabilities
528,2510,Long-Term Loan (Machinery / Bank Loan),Liability,1,1128,,,0,,111,Long Term Liabilities
529,2520,Bonds Payable,Liability,1,1128,,,0,,111,Long Term Liabilities
530,2530,Deferred Tax Liabilities,Liability,1,1128,,,0,,111,Long Term Liabilities
531,3010,Common Stock,Equity,1,1129,,,0,,111,Owner Equity
532,3020,Preferred Stock,Equity,1,1129,,,0,,111,Owner Equity
533,3030,Additional Paid,Equity,1,1129,,,0,,111,Owner Equity
534,3040,Retained Earnings,Equity,1,1129,,,0,,111,Owner Equity
535,3050,Treasury Stock,Equity,1,1129,,,0,,111,Owner Equity
536,4010,Sales Revenue – Domestic (Fabricated Parts),Revenue,1,1123,,,0,,111,Operating
537,4020,Sales Revenue – External Services,Revenue,1,1123,1022,,0,,111,Operating
538,4030,Returns & Allowances (Contra Revenue),Revenue,1,1121,,,0,,111,Operating Revenue
539,4040,"Other Income (Scrap Sales, Rental Income)",Revenue,1,1130,,,0,,111,Other Income
540,5010,"Direct Materials (Steel, Aluminum, Mechanical Parts)",Expense,1,1123,1024,,0,,111,Operating
541,5020,Direct Services (External),Expense,1,1123,1024,,0,,111,Operating
542,5030,Manufacturing Overhead,Expense,1,,,,,,111,None
543,5040,Depreciation – Manufacturing Equipment,Expense,1,,,,,,111,None
544,5050,Factory Supplies,Expense,1,,,,,,111,Cost of Goods Sold
545,6010,Advertising & Marketing,Expense,1,,,,,,111,Operting Expense
546,6020,Sales Commissions,Expense,1,,,,,,111,Operting Expense
547,6030,Freight & Shipping,Expense,1,,,,,,111,Operting Expense
548,6510,Salaries & Wages (Office Staff),Expense,1,,,,,,111,General & Administrative
549,6520,Rent & Utilities,Expense,1,,,,,,111,General & Administrative
550,6530,Depreciation – Office Equipment,Expense,1,,,,,,111,General & Administrative
551,6540,Insurance,Expense,1,,,,,,111,General & Administrative
552,7010,R&D Salaries,Expense,1,1123,1024,17,0,,111,Operating
553,7020,Lab Supplies,Expense,1,,,,,,111,Research & Development
554,7030,R&D Equipment Depreciation,Expense,1,,,,,,111,Research & Development
555,8010,Interest Expense,Revenue,1,,,,,,111,Other Expenses & Income
556,8020,Interest Income,Revenue,1,1130,,,0,,111,Other Income
557,8030,Gains/Losses on Asset Sales,Revenue,1,1130,,,0,,111,Other Income
1505,5120,Direct Labor,Expense,1,1123,1024,14,0,,111,Operating
1506,5200,Manufacturing Overheads,Expense,1,1123,1024,16,0,,111,Operating
1507,6230,Office Supplies,Expense,1,1124,1025,19,0,,111,Operating Expenses
1508,6260,External Services,Expense,1,1124,1025,,0,,111,Operating Expenses
1509,6250,Repairs & Maintenance,Expense,1,1124,1025,21,0,,111,Operating Expenses
1510,1111,Cloud Expenses,Expense,1,1124,1026,0,0,0,111,Operating Expenses
1511,8060,Offset Prepaid,Asset,1,,,,,,101,Current Asset
1512,8060,Offset Prepaid,Asset,1,,,,,,102,Current Asset
1513,8060,Offset Prepaid,Asset,1,,,,,,103,Current Asset
1514,8060,Offset Prepaid,Asset,1,,,,,,105,Current Asset
1515,8060,Offset Prepaid,Asset,1,,,,,,104,Current Asset
1516,8060,Offset Prepaid,Asset,1,,,,,,107,Current Asset
1517,8060,Offset Prepaid,Asset,1,,,,,,108,Current Asset
1518,8060,Offset Prepaid,Asset,1,,,,,,109,Current Asset
1519,8060,Offset Prepaid,Asset,1,,,,,,110,Current Asset
1520,8060,Offset Prepaid,Asset,1,,,,,,111,Current Asset
1536,2220,ACCRUED SALARIES AND WAGES,Liability,1,92,1027,,0,,101,Current Liabilities
1537,6099,Health Insurance,Expense,1,94,1028,22,0,,101,General & Administrative
1538,6098,Payroll Taxes (General & Admin),Expense,1,94,1028,23,0,,101,General & Administrative
1539,6091,General Manager,Expense,1,94,1028,24,0,,101,General & Administrative
1540,6092,Senior Technician,Expense,1,94,1028,24,0,,101,General & Administrative
